{
  "BLOOD": [
    0,
    2,
    5.040045114123553
  ],
  "DONAT": [
    0,
    0,
    5.182902256980696
  ],
  "PROJECT": [
    2.8394033229395577,
    1.125,
    0.6636827494243784
  ],
  "SEO": [
    4,
    1,
    0
  ],
  "OUTSOURC": [
    4.919701661469779,
    1,
    -0.16080910353560163
  ],
  "PVT": [
    3.2,
    0.9687187083310079,
    -1.8972332015810276
  ],
  "TEST": [
    0,
    0,
    0
  ],
  "COMPATIB": [
    0,
    -0.9375,
    0.4926504782477909
  ],
  "CAPABILIT": [
    0.1197016614697789,
    -0.9687812916689921,
    -1.5653918268688383
  ],
  "BUILD": [
    0,
    -7.5,
    3.941203825982327
  ],
  "CHOOSE": [
    0.9197016614697789,
    0,
    -0.16080910353560163
  ],
  "PORTFOLIO": [
    -0.6802983385302211,
    -0.06256258333798405,
    -3.9552755066976566
  ],
  "SUBCONTRACT": [
    1.8394033229395579,
    0,
    -0.32161820707120325
  ],
  "OFFER": [
    1.8394033229395579,
    0,
    -0.32161820707120325
  ],
  "DEVELOP": [
    5.637911630288452,
    -0.031281291668992024,
    -3.0228969263302385
  ],
  "BUSY": [
    0.9197016614697789,
    0,
    -0.16080910353560163
  ],
  "ASSISTANCE": [
    0.9197016614697789,
    0,
    -0.16080910353560163
  ],
  "GUARANTEE": [
    1.8394033229395579,
    0,
    -0.32161820707120325
  ],
  "COMPANY": [
    5.518209968818674,
    -1.875,
    0.020446335281972372
  ],
  "COMPANIES": [
    0.1197016614697789,
    -0.031281291668992024,
    -2.0580423051166292
  ],
  "CONCEPT": [
    0,
    -0.9375,
    0.4926504782477909
  ],
  "QUOTE": [
    0,
    -0.9375,
    0.4926504782477909
  ],
  "MEETING": [
    -0.8,
    -0.9687812916689921,
    -1.4045827233332369
  ],
  "CALL": [
    -0.8,
    -0.031281291668992024,
    -1.8972332015810276
  ],
  "HELP": [
    0.1197016614697789,
    -0.031281291668992024,
    -2.0580423051166292
  ]
}